control_band,policies,claim_rate,avg_total_loss,avg_premium
Weak,134,0.23880597014925373,198219.40298507462,15526728.507462686
Developing,489,0.19631901840490798,242659.81595092025,17406274.78936605
Strong,663,0.16138763197586728,331203.8371040724,16847492.27149321
Excellent,214,0.07009345794392523,311287.72897196264,10447836.892523365
