repeat_offender,policies,claim_rate,avg_n_claims,avg_total_loss,avg_premium
0-1 prior incidents,1419,0.16701902748414377,0.17970401691331925,279238.1832276251,15770587.260042284
2+ prior incidents,81,0.16049382716049382,0.16049382716049382,434404.76543209876,19993964.703703705
