vendor_pressure_band,policies,claim_rate,avg_total_loss,avg_bi_share,avg_premium
Extreme,287,0.20905923344947736,340647.25087108015,0.05539301206773756,12636528.592334494
High,244,0.1680327868852459,235433.0286885246,0.04898038347786766,25080996.840163935
Low,593,0.12984822934232715,241954.4249578415,0.04121919987123132,14223403.44688027
Moderate,376,0.19148936170212766,353019.6117021277,0.06617388573005584,15470875.755319148
