{"mu": 0.1305369937780582, "alpha": 0.07900390170266929, "beta": 2.0, "branching_ratio": 0.03950195085133464, "tvar_poisson": 146086670.35657293, "tvar_hawkes": 141348201.90109894, "contagion_premium": -4738468.455473989}